<?xml version="1.0" encoding="UTF-8"?>
<project-private xmlns="http://www.netbeans.org/ns/project-private/1">
    <editor-bookmarks xmlns="http://www.netbeans.org/ns/editor-bookmarks/2" lastBookmarkId="0"/>
    <open-files xmlns="http://www.netbeans.org/ns/projectui-open-files/2">
        <group>
            <file>file:/G:/XAMPP/htdocs/marketplace2/user/change_profile.php</file>
            <file>file:/G:/XAMPP/htdocs/marketplace2/user/update_user.php</file>
            <file>file:/G:/XAMPP/htdocs/marketplace2/user/register.php</file>
            <file>file:/G:/XAMPP/htdocs/marketplace2/index.php</file>
            <file>file:/G:/XAMPP/htdocs/marketplace2/user/index.php</file>
        </group>
    </open-files>
</project-private>
