<?xml version="1.0" encoding="UTF-8"?>
<project-private xmlns="http://www.netbeans.org/ns/project-private/1">
    <editor-bookmarks xmlns="http://www.netbeans.org/ns/editor-bookmarks/2" lastBookmarkId="0"/>
    <open-files xmlns="http://www.netbeans.org/ns/projectui-open-files/2">
        <group>
            <file>file:/G:/XAMPP/htdocs/AdminOrcois/tabel.php</file>
            <file>file:/G:/XAMPP/htdocs/AdminOrcois/index.php</file>
            <file>file:/G:/XAMPP/htdocs/AdminOrcois/tabel_blokir.php</file>
            <file>file:/G:/XAMPP/htdocs/AdminOrcois/pagination.php</file>
            <file>file:/G:/XAMPP/htdocs/AdminOrcois/update_password.php</file>
            <file>file:/G:/XAMPP/htdocs/AdminOrcois/pagination2.php</file>
            <file>file:/G:/XAMPP/htdocs/AdminOrcois/change_password.php</file>
            <file>file:/G:/XAMPP/htdocs/AdminOrcois/login.php</file>
        </group>
    </open-files>
</project-private>
